{"cameraMode":{"drawMode":0,"name":"Shaded","section":"Shading Mode"},"sceneLighting":false,"audioPlay":false,"sceneViewState":{"showFog":true,"showMaterialUpdate":false,"showSkybox":true,"showFlares":true,"showImageEffects":true,"showParticleSystems":true},"in2DMode":false,"pivot":{"x":-1.74505615234375,"y":-0.7903783321380615,"z":1.1423377990722657},"rotation":{"x":-0.1209811195731163,"y":0.7399607300758362,"z":-0.13835039734840394,"w":-0.6470556259155273},"size":8.899165153503418,"orthographic":false}