{"cameraMode":{"drawMode":0,"name":"Shaded","section":"Shading Mode"},"sceneLighting":false,"audioPlay":false,"sceneViewState":{"showFog":true,"showMaterialUpdate":false,"showSkybox":true,"showFlares":true,"showImageEffects":true,"showParticleSystems":true},"in2DMode":false,"pivot":{"x":-0.8199999332427979,"y":3.190000057220459,"z":-16.700000762939454},"rotation":{"x":0.026480788365006448,"y":0.9375951290130615,"z":-0.33888983726501467,"w":0.07326576858758927},"size":2.8578836917877199,"orthographic":false}