{"cameraMode":{"drawMode":0,"name":"Shaded","section":"Shading Mode"},"sceneLighting":true,"audioPlay":false,"sceneViewState":{"showFog":true,"showMaterialUpdate":true,"showSkybox":true,"showFlares":true,"showImageEffects":true,"showParticleSystems":true},"in2DMode":false,"pivot":{"x":51.50412368774414,"y":-128.5362548828125,"z":192.7154083251953},"rotation":{"x":-0.3759321868419647,"y":-0.0895886942744255,"z":0.03654371201992035,"w":-0.921582043170929},"size":545.1634521484375,"orthographic":false}