{"cameraMode":{"drawMode":0,"name":"Shaded","section":"Shading Mode"},"sceneLighting":false,"audioPlay":false,"sceneViewState":{"showFog":true,"showMaterialUpdate":false,"showSkybox":true,"showFlares":true,"showImageEffects":true,"showParticleSystems":true},"in2DMode":false,"pivot":{"x":4.7574052810668949,"y":-3.3608007431030275,"z":-1.0467634201049805},"rotation":{"x":0.04439479485154152,"y":0.9555087089538574,"z":-0.21300463378429414,"w":0.1991516500711441},"size":6.958361625671387,"orthographic":false}