{"cameraMode":{"drawMode":0,"name":"Shaded","section":"Shading Mode"},"sceneLighting":false,"audioPlay":false,"sceneViewState":{"showFog":true,"showMaterialUpdate":false,"showSkybox":true,"showFlares":true,"showImageEffects":true,"showParticleSystems":true},"in2DMode":false,"pivot":{"x":-2.816986322402954,"y":-0.379194974899292,"z":0.029805108904838563},"rotation":{"x":0.10654864460229874,"y":-0.7014908790588379,"z":0.10732016712427139,"w":0.6964483857154846},"size":3.3517611026763918,"orthographic":false}